类型,入口,有描述或挂接入口,配置引用,命名输出,信息语义键,来源,边界
descriptors,acidbatwavemanager,✅,display_batwave_information,acidbatwavemanager_,"acidbatwavemanager.chance,acidbatwavemanager.next_wave_spawn,cooldown",/tmp/wildwise-research/insight/scripts/descriptors/acidbatwavemanager.lua,静态入口索引；需组件/游戏分支/配置满足。不是同数量的独立功能，也不宣称本次实机验证。
descriptors,aoeweapon_base,✅,,"aoeweapon_base,aoeweapon_base_DescribeDamage",weapon_damage_type,/tmp/wildwise-research/insight/scripts/descriptors/aoeweapon_base.lua,静态入口索引；需组件/游戏分支/配置满足。不是同数量的独立功能，也不宣称本次实机验证。
descriptors,aoeweapon_leap,✅,,,,/tmp/wildwise-research/insight/scripts/descriptors/aoeweapon_leap.lua,静态入口索引；需组件/游戏分支/配置满足。不是同数量的独立功能，也不宣称本次实机验证。
descriptors,aoeweapon_lunge,✅,,aoeweapon_lunge,aoeweapon_lunge.lunge_damage,/tmp/wildwise-research/insight/scripts/descriptors/aoeweapon_lunge.lua,静态入口索引；需组件/游戏分支/配置满足。不是同数量的独立功能，也不宣称本次实机验证。
descriptors,aporkalypse,✅,,,,/tmp/wildwise-research/insight/scripts/descriptors/aporkalypse.lua,静态入口索引；需组件/游戏分支/配置满足。不是同数量的独立功能，也不宣称本次实机验证。
descriptors,appeasement,✅,appeasement_value,,"appease_bad,appease_good",/tmp/wildwise-research/insight/scripts/descriptors/appeasement.lua,静态入口索引；需组件/游戏分支/配置满足。不是同数量的独立功能，也不宣称本次实机验证。
descriptors,appraisable,✅,display_yotb_appraisal,,appraisable,/tmp/wildwise-research/insight/scripts/descriptors/appraisable.lua,静态入口索引；需组件/游戏分支/配置满足。不是同数量的独立功能，也不宣称本次实机验证。
descriptors,armor,✅,armor,"armor_durability,armor_protection","durability,durability_unwrappable,protection",/tmp/wildwise-research/insight/scripts/descriptors/armor.lua,静态入口索引；需组件/游戏分支/配置满足。不是同数量的独立功能，也不宣称本次实机验证。
descriptors,attunable,✅,,,"attunable.linked,attunable.offline_linked,attunable.player",/tmp/wildwise-research/insight/scripts/descriptors/attunable.lua,静态入口索引；需组件/游戏分支/配置满足。不是同数量的独立功能，也不宣称本次实机验证。
descriptors,basehassler,✅,,basehassler_,,/tmp/wildwise-research/insight/scripts/descriptors/basehassler.lua,静态入口索引；需组件/游戏分支/配置满足。不是同数量的独立功能，也不宣称本次实机验证。
descriptors,batted,✅,display_batwave_information,,,/tmp/wildwise-research/insight/scripts/descriptors/batted.lua,静态入口索引；需组件/游戏分支/配置满足。不是同数量的独立功能，也不宣称本次实机验证。
descriptors,beard,✅,,,beard,/tmp/wildwise-research/insight/scripts/descriptors/beard.lua,静态入口索引；需组件/游戏分支/配置满足。不是同数量的独立功能，也不宣称本次实机验证。
descriptors,beargerspawner,❌,,,"beargerspawner.announce_bearger_target,beargerspawner.bearger_attack,beargerspawner.incoming_bearger_targeted",/tmp/wildwise-research/insight/scripts/descriptors/beargerspawner.lua,静态入口索引；需组件/游戏分支/配置满足。不是同数量的独立功能，也不宣称本次实机验证。
descriptors,bloomness,✅,,,,/tmp/wildwise-research/insight/scripts/descriptors/bloomness.lua,静态入口索引；需组件/游戏分支/配置满足。不是同数量的独立功能，也不宣称本次实机验证。
descriptors,boatdrag,✅,,,"boatdrag.drag,boatdrag.force_dampening,boatdrag.max_velocity_mod",/tmp/wildwise-research/insight/scripts/descriptors/boatdrag.lua,静态入口索引；需组件/游戏分支/配置满足。不是同数量的独立功能，也不宣称本次实机验证。
descriptors,boathealth,✅,,,health,/tmp/wildwise-research/insight/scripts/descriptors/boathealth.lua,静态入口索引；需组件/游戏分支/配置满足。不是同数量的独立功能，也不宣称本次实机验证。
descriptors,book,✅,,"book_bees,book_birds,book_brimstone,book_horticulture,book_horticulture_upgraded,book_light,book_light_upgraded,book_meteor,book_rain,book_research_station,book_sanity_info,book_tentacles,book_web,insight_ranged","book.wickerbottom._research_station_charge,book.wickerbottom.bees,book.wickerbottom.birds,book.wickerbottom.brimstone,book.wickerbottom.horticulture,book.wickerbottom.horticulture_upgraded,book.wickerbottom.light,book.wickerbottom.meteor,book.wickerbottom.rain,book.wickerbottom.research_station,book.wickerbottom.tentacles,book.wickerbottom.web,sanity.interaction",/tmp/wildwise-research/insight/scripts/descriptors/book.lua,静态入口索引；需组件/游戏分支/配置满足。不是同数量的独立功能，也不宣称本次实机验证。
descriptors,breeder,✅,,,"breeder_fishstring,breeder_nextfishtime,breeder_possiblepredatortime",/tmp/wildwise-research/insight/scripts/descriptors/breeder.lua,静态入口索引；需组件/游戏分支/配置满足。不是同数量的独立功能，也不宣称本次实机验证。
descriptors,brushable,✅,,,brushable.last_brushed,/tmp/wildwise-research/insight/scripts/descriptors/brushable.lua,静态入口索引；需组件/游戏分支/配置满足。不是同数量的独立功能，也不宣称本次实机验证。
descriptors,burnable,✅,,burnable,"burnable.burn_time,burnable.smolder_time",/tmp/wildwise-research/insight/scripts/descriptors/burnable.lua,静态入口索引；需组件/游戏分支/配置满足。不是同数量的独立功能，也不宣称本次实机验证。
descriptors,carnivaldecor,✅,display_cawnival,,carnivaldecor.value,/tmp/wildwise-research/insight/scripts/descriptors/carnivaldecor.lua,静态入口索引；需组件/游戏分支/配置满足。不是同数量的独立功能，也不宣称本次实机验证。
descriptors,carnivaldecorranker,✅,display_cawnival,,"carnivaldecorranker.decor,carnivaldecorranker.rank",/tmp/wildwise-research/insight/scripts/descriptors/carnivaldecorranker.lua,静态入口索引；需组件/游戏分支/配置满足。不是同数量的独立功能，也不宣称本次实机验证。
descriptors,caveweather,✅,"display_weather,weather_detail",,"weather.progress_to_acid_rain,weather.progress_to_rain,weather.remaining_acid_rain,weather.remaining_rain",/tmp/wildwise-research/insight/scripts/descriptors/caveweather.lua,静态入口索引；需组件/游戏分支/配置满足。不是同数量的独立功能，也不宣称本次实机验证。
descriptors,chessnavy,✅,,,"chessnavy_ready,chessnavy_timer",/tmp/wildwise-research/insight/scripts/descriptors/chessnavy.lua,静态入口索引；需组件/游戏分支/配置满足。不是同数量的独立功能，也不宣称本次实机验证。
descriptors,childspawner,✅,display_spawner_information,,"childspawner.both_regen,childspawner.children,childspawner.emergency_children,childspawner.entity,childspawner.regenerating",/tmp/wildwise-research/insight/scripts/descriptors/childspawner.lua,静态入口索引；需组件/游戏分支/配置满足。不是同数量的独立功能，也不宣称本次实机验证。
descriptors,circuitnode,✅,,,,/tmp/wildwise-research/insight/scripts/descriptors/circuitnode.lua,静态入口索引；需组件/游戏分支/配置满足。不是同数量的独立功能，也不宣称本次实机验证。
descriptors,citypossession,✅,,,,/tmp/wildwise-research/insight/scripts/descriptors/citypossession.lua,静态入口索引；需组件/游戏分支/配置满足。不是同数量的独立功能，也不宣称本次实机验证。
descriptors,clock,✅,,,,/tmp/wildwise-research/insight/scripts/descriptors/clock.lua,静态入口索引；需组件/游戏分支/配置满足。不是同数量的独立功能，也不宣称本次实机验证。
descriptors,combat,✅,display_mob_attack_damage,,"combat.age_damage,combat.age_damageToYou,combat.damage,combat.damageToYou",/tmp/wildwise-research/insight/scripts/descriptors/combat.lua,静态入口索引；需组件/游戏分支/配置满足。不是同数量的独立功能，也不宣称本次实机验证。
descriptors,compostingbin,✅,display_compostvalue,,"compostingbin.contents_amount,compostingbin.detailed_contents_amount",/tmp/wildwise-research/insight/scripts/descriptors/compostingbin.lua,静态入口索引；需组件/游戏分支/配置满足。不是同数量的独立功能，也不宣称本次实机验证。
descriptors,constructionsite,✅,,,,/tmp/wildwise-research/insight/scripts/descriptors/constructionsite.lua,静态入口索引；需组件/游戏分支/配置满足。不是同数量的独立功能，也不宣称本次实机验证。
descriptors,container,✅,,"container,container_",,/tmp/wildwise-research/insight/scripts/descriptors/container.lua,静态入口索引；需组件/游戏分支/配置满足。不是同数量的独立功能，也不宣称本次实机验证。
descriptors,container_proxy,✅,,,,/tmp/wildwise-research/insight/scripts/descriptors/container_proxy.lua,静态入口索引；需组件/游戏分支/配置满足。不是同数量的独立功能，也不宣称本次实机验证。
descriptors,containerinstallableitem,✅,,"containerinstallableitem_slingshotband,containerinstallableitem_slingshotframe,containerinstallableitem_slingshothandle","containerinstallableitem.slingshot_band.range,containerinstallableitem.slingshot_band.slingshot_band_mimic,containerinstallableitem.slingshot_band.speed,containerinstallableitem.slingshot_handle,containerinstallableitem.slingshot_handle.fire_rate,containerinstallableitem.slingshot_handle.fire_rate_ramping",/tmp/wildwise-research/insight/scripts/descriptors/containerinstallableitem.lua,静态入口索引；需组件/游戏分支/配置满足。不是同数量的独立功能，也不宣称本次实机验证。
descriptors,cooldown,✅,,,cooldown,/tmp/wildwise-research/insight/scripts/descriptors/cooldown.lua,静态入口索引；需组件/游戏分支/配置满足。不是同数量的独立功能，也不宣称本次实机验证。
descriptors,crabkingspawner,❌,,,crabkingspawner.time_to_respawn,/tmp/wildwise-research/insight/scripts/descriptors/crabkingspawner.lua,静态入口索引；需组件/游戏分支/配置满足。不是同数量的独立功能，也不宣称本次实机验证。
descriptors,crittertraits,✅,,,dominant_trait,/tmp/wildwise-research/insight/scripts/descriptors/crittertraits.lua,静态入口索引；需组件/游戏分支/配置满足。不是同数量的独立功能，也不宣称本次实机验证。
descriptors,crop,✅,,,"crop_paused,growth,lang.growth",/tmp/wildwise-research/insight/scripts/descriptors/crop.lua,静态入口索引；需组件/游戏分支/配置满足。不是同数量的独立功能，也不宣称本次实机验证。
descriptors,cyclable,✅,,,"cyclable.note,cyclable.step",/tmp/wildwise-research/insight/scripts/descriptors/cyclable.lua,静态入口索引；需组件/游戏分支/配置满足。不是同数量的独立功能，也不宣称本次实机验证。
descriptors,damagetypebonus,✅,weapon_damage,damagetypebonus,"damage_types,damagetypebonus.modifier",/tmp/wildwise-research/insight/scripts/descriptors/damagetypebonus.lua,静态入口索引；需组件/游戏分支/配置满足。不是同数量的独立功能，也不宣称本次实机验证。
descriptors,damagetyperesist,✅,armor,damagetyperesist,"damage_types,damagetyperesist.modifier",/tmp/wildwise-research/insight/scripts/descriptors/damagetyperesist.lua,静态入口索引；需组件/游戏分支/配置满足。不是同数量的独立功能，也不宣称本次实机验证。
descriptors,dapperness,✅,,,dapperness,/tmp/wildwise-research/insight/scripts/descriptors/dapperness.lua,静态入口索引；需组件/游戏分支/配置满足。不是同数量的独立功能，也不宣称本次实机验证。
descriptors,daywalkerspawner,❌,,,daywalkerspawner.days_to_respawn,/tmp/wildwise-research/insight/scripts/descriptors/daywalkerspawner.lua,静态入口索引；需组件/游戏分支/配置满足。不是同数量的独立功能，也不宣称本次实机验证。
descriptors,debuffable,✅,,debuffable-,"buff_text,debuffs",/tmp/wildwise-research/insight/scripts/descriptors/debuffable.lua,静态入口索引；需组件/游戏分支/配置满足。不是同数量的独立功能，也不宣称本次实机验证。
descriptors,deerclopsspawner,❌,,,"deerclopsspawner.announce_deerclops_target,deerclopsspawner.deerclops_attack,deerclopsspawner.incoming_deerclops_targeted",/tmp/wildwise-research/insight/scripts/descriptors/deerclopsspawner.lua,静态入口索引；需组件/游戏分支/配置满足。不是同数量的独立功能，也不宣称本次实机验证。
descriptors,diseaseable,✅,,,"disease_delay,disease_in,disease_spread",/tmp/wildwise-research/insight/scripts/descriptors/diseaseable.lua,静态入口索引；需组件/游戏分支/配置满足。不是同数量的独立功能，也不宣称本次实机验证。
descriptors,domesticatable,✅,domestication_information,,"domesticatable.domestication,domesticatable.obedience,domesticatable.obedience_extended,domesticatable.tendencies,domesticatable.tendency",/tmp/wildwise-research/insight/scripts/descriptors/domesticatable.lua,静态入口索引；需组件/游戏分支/配置满足。不是同数量的独立功能，也不宣称本次实机验证。
descriptors,drivable,✅,,,,/tmp/wildwise-research/insight/scripts/descriptors/drivable.lua,静态入口索引；需组件/游戏分支/配置满足。不是同数量的独立功能，也不宣称本次实机验证。
descriptors,dryer,✅,,,"dry_time,dryer_paused,lang.dry_time,perishable.spoil,perishable.transition",/tmp/wildwise-research/insight/scripts/descriptors/dryer.lua,静态入口索引；需组件/游戏分支/配置满足。不是同数量的独立功能，也不宣称本次实机验证。
descriptors,eater,✅,,,"eater.eot_tofeed_restore,eater.eot_tofeed_restore_advanced,eater.tofeed_restore",/tmp/wildwise-research/insight/scripts/descriptors/eater.lua,静态入口索引；需组件/游戏分支/配置满足。不是同数量的独立功能，也不宣称本次实机验证。
descriptors,edible,✅,"display_food,food_effects,food_memory,food_order,food_style,food_units","edible,edible_advancedfoodeffects,edible_foodeffects,edible_foodmemory,edible_foodunit,edible_wereeater","edible_foodeffect,edible_foodtype,edible_interface,edible_wiki,food_unit,foodmemory,lang.food_unit,wereeater",/tmp/wildwise-research/insight/scripts/descriptors/edible.lua,静态入口索引；需组件/游戏分支/配置满足。不是同数量的独立功能，也不宣称本次实机验证。
descriptors,equippable,✅,,"equippable,equippable_yotr","combat.yotr_pillows.defense_amount,combat.yotr_pillows.prize_value,dapperness,hunger_drain,insulated,speed",/tmp/wildwise-research/insight/scripts/descriptors/equippable.lua,静态入口索引；需组件/游戏分支/配置满足。不是同数量的独立功能，也不宣称本次实机验证。
descriptors,explosive,✅,,"explosive,insight_ranged","explosive_damage,explosive_range",/tmp/wildwise-research/insight/scripts/descriptors/explosive.lua,静态入口索引；需组件/游戏分支/配置满足。不是同数量的独立功能，也不宣称本次实机验证。
descriptors,explosiveresist,✅,,,,/tmp/wildwise-research/insight/scripts/descriptors/explosiveresist.lua,静态入口索引；需组件/游戏分支/配置满足。不是同数量的独立功能，也不宣称本次实机验证。
descriptors,farming_manager,✅,,farming_manager_lordfruitfly,,/tmp/wildwise-research/insight/scripts/descriptors/farming_manager.lua,静态入口索引；需组件/游戏分支/配置满足。不是同数量的独立功能，也不宣称本次实机验证。
descriptors,farmplantable,✅,,,"farmplantable.good_seasons,farmplantable.nutrient_consumption,seasons.autumn,seasons.spring,seasons.summer,seasons.winter",/tmp/wildwise-research/insight/scripts/descriptors/farmplantable.lua,静态入口索引；需组件/游戏分支/配置满足。不是同数量的独立功能，也不宣称本次实机验证。
descriptors,farmplantstress,✅,display_plant_stressors,"farmplantstress_stressors,farmplantstress_stresspoints","farmplantstress.categories,farmplantstress.display,farmplantstress.stress_points,farmplantstress.stress_tier,farmplantstress.tiers",/tmp/wildwise-research/insight/scripts/descriptors/farmplantstress.lua,静态入口索引；需组件/游戏分支/配置满足。不是同数量的独立功能，也不宣称本次实机验证。
descriptors,farmsoildrinker,✅,"soil_moisture,soil_nutrients,soil_nutrients_needs_hat","farmsoildrinker_moisture,farmsoildrinker_nutrients","farmsoildrinker.soil_only,farmsoildrinker.soil_plant,farmsoildrinker.soil_plant_tile,farmsoildrinker.soil_plant_tile_net,farmsoildrinker_nutrients.soil_only,farmsoildrinker_nutrients.soil_plant,farmsoildrinker_nutrients.soil_plant_tile",/tmp/wildwise-research/insight/scripts/descriptors/farmsoildrinker.lua,静态入口索引；需组件/游戏分支/配置满足。不是同数量的独立功能，也不宣称本次实机验证。
descriptors,fertilizer,✅,display_fertilizer,,"fertilizer.growth_value,fertilizer.nutrient_value,fertilizer.wormwood.compost_heal,fertilizer.wormwood.formula_growth,healer.heal",/tmp/wildwise-research/insight/scripts/descriptors/fertilizer.lua,静态入口索引；需组件/游戏分支/配置满足。不是同数量的独立功能，也不宣称本次实机验证。
descriptors,fillable,✅,,,fillable.accepts_ocean_water,/tmp/wildwise-research/insight/scripts/descriptors/fillable.lua,静态入口索引；需组件/游戏分支/配置满足。不是同数量的独立功能，也不宣称本次实机验证。
descriptors,finiteuses,✅,display_finiteuses,,"action_uses,action_uses_verbose,actions,lang.action_uses,lang.action_uses_verbose,lang.actions,lang.actions.USES_PLAIN",/tmp/wildwise-research/insight/scripts/descriptors/finiteuses.lua,静态入口索引；需组件/游戏分支/配置满足。不是同数量的独立功能，也不宣称本次实机验证。
descriptors,fishable,✅,"display_simplefishing,time_style",,"fish_count,fish_recharge,fish_wait_time",/tmp/wildwise-research/insight/scripts/descriptors/fishable.lua,静态入口索引；需组件/游戏分支/配置满足。不是同数量的独立功能，也不宣称本次实机验证。
descriptors,fishingrod,✅,display_simplefishing,,"fishingrod_loserodtime,fishingrod_waittimes",/tmp/wildwise-research/insight/scripts/descriptors/fishingrod.lua,静态入口索引；需组件/游戏分支/配置满足。不是同数量的独立功能，也不宣称本次实机验证。
descriptors,flotsamgenerator,✅,,flotsamgenerator-messagebottle-,flotsamgenerator.messagebottle_cooldown,/tmp/wildwise-research/insight/scripts/descriptors/flotsamgenerator.lua,静态入口索引；需组件/游戏分支/配置满足。不是同数量的独立功能，也不宣称本次实机验证。
descriptors,follower,✅,follower_info,follower,"leader,loyalty_duration",/tmp/wildwise-research/insight/scripts/descriptors/follower.lua,静态入口索引；需组件/游戏分支/配置满足。不是同数量的独立功能，也不宣称本次实机验证。
descriptors,forcecompostable,✅,display_compostvalue,,forcecompostable,/tmp/wildwise-research/insight/scripts/descriptors/forcecompostable.lua,静态入口索引；需组件/游戏分支/配置满足。不是同数量的独立功能，也不宣称本次实机验证。
descriptors,friendlevels,✅,DEBUG_ENABLED,,friendlevel,/tmp/wildwise-research/insight/scripts/descriptors/friendlevels.lua,静态入口索引；需组件/游戏分支/配置满足。不是同数量的独立功能，也不宣称本次实机验证。
descriptors,fuel,✅,fuel_verbosity,,"fuel.fuel,fuel.fuel_verbose,fuel.types",/tmp/wildwise-research/insight/scripts/descriptors/fuel.lua,静态入口索引；需组件/游戏分支/配置满足。不是同数量的独立功能，也不宣称本次实机验证。
descriptors,fueled,✅,fuel_verbosity,"fueled,fueled_efficiency,fueled_helditemrefuelcapability","fuel.types,fueled.efficiency,fueled.held_refuel,fueled.time,fueled.time_verbose,fueled.units,rechargeable.charged_in",/tmp/wildwise-research/insight/scripts/descriptors/fueled.lua,静态入口索引；需组件/游戏分支/配置满足。不是同数量的独立功能，也不宣称本次实机验证。
descriptors,gelblobspawner,✅,,,,/tmp/wildwise-research/insight/scripts/descriptors/gelblobspawner.lua,静态入口索引；需组件/游戏分支/配置满足。不是同数量的独立功能，也不宣称本次实机验证。
descriptors,ghostlybond,✅,,"ghostlybond_abigail,ghostlybond_flower","ghostlybond.abigail,ghostlybond.flower,ghostlybond.levelup,lang.ghostlybond.abigail,lang.ghostlybond.flower,lang.ghostlybond.levelup",/tmp/wildwise-research/insight/scripts/descriptors/ghostlybond.lua,静态入口索引；需组件/游戏分支/配置满足。不是同数量的独立功能，也不宣称本次实机验证。
descriptors,ghostlyelixir,✅,,,"ghostlyelixir.ghostlyelixir_attack,ghostlyelixir.ghostlyelixir_retaliation,ghostlyelixir.ghostlyelixir_shield,ghostlyelixir.ghostlyelixir_slowregen,ghostlyelixir.ghostlyelixir_speed",/tmp/wildwise-research/insight/scripts/descriptors/ghostlyelixir.lua,静态入口索引；需组件/游戏分支/配置满足。不是同数量的独立功能，也不宣称本次实机验证。
descriptors,ghostlyelixirable,✅,,ghostlyelixirable,ghostlyelixirable.remaining_buff_time,/tmp/wildwise-research/insight/scripts/descriptors/ghostlyelixirable.lua,静态入口索引；需组件/游戏分支/配置满足。不是同数量的独立功能，也不宣称本次实机验证。
descriptors,growable,✅,"growth_verbosity,time_style",,"growable.next_stage,growable.paused,growable.stage",/tmp/wildwise-research/insight/scripts/descriptors/growable.lua,静态入口索引；需组件/游戏分支/配置满足。不是同数量的独立功能，也不宣称本次实机验证。
descriptors,grower,✅,,,harvests,/tmp/wildwise-research/insight/scripts/descriptors/grower.lua,静态入口索引；需组件/游戏分支/配置满足。不是同数量的独立功能，也不宣称本次实机验证。
descriptors,hackable,✅,time_style,,"lang.pickable.regrowth,pickable.regrowth,pickable.regrowth_paused",/tmp/wildwise-research/insight/scripts/descriptors/hackable.lua,静态入口索引；需组件/游戏分支/配置满足。不是同数量的独立功能，也不宣称本次实机验证。
descriptors,harvestable,✅,display_harvestable,,"harvestable.grow,harvestable.product,lang.harvestable.product",/tmp/wildwise-research/insight/scripts/descriptors/harvestable.lua,静态入口索引；需组件/游戏分支/配置满足。不是同数量的独立功能，也不宣称本次实机验证。
descriptors,hatchable,✅,,,"hatchable.discomfort,hatchable.progress",/tmp/wildwise-research/insight/scripts/descriptors/hatchable.lua,静态入口索引；需组件/游戏分支/配置满足。不是同数量的独立功能，也不宣称本次实机验证。
descriptors,healer,✅,,,"healer.heal,healer.spider_heal,healer.webber_heal",/tmp/wildwise-research/insight/scripts/descriptors/healer.lua,静态入口索引；需组件/游戏分支/配置满足。不是同数量的独立功能，也不宣称本次实机验证。
descriptors,health,✅,"display_health,naughtiness_verbosity",health,"absorption,health,health_regeneration",/tmp/wildwise-research/insight/scripts/descriptors/health.lua,静态入口索引；需组件/游戏分支/配置满足。不是同数量的独立功能，也不宣称本次实机验证。
descriptors,herdmember,✅,herd_information,"herd,mood","herd_size,mood.enter,mood.exit",/tmp/wildwise-research/insight/scripts/descriptors/herdmember.lua,静态入口索引；需组件/游戏分支/配置满足。不是同数量的独立功能，也不宣称本次实机验证。
descriptors,hideandseekgame,✅,,"hideandseekgame,insight_ranged","hideandseekgame.hiding_range,hideandseekgame.needed_hiding_spots",/tmp/wildwise-research/insight/scripts/descriptors/hideandseekgame.lua,静态入口索引；需组件/游戏分支/配置满足。不是同数量的独立功能，也不宣称本次实机验证。
descriptors,hitchable,✅,display_yotb_appraisal,,,/tmp/wildwise-research/insight/scripts/descriptors/hitchable.lua,静态入口索引；需组件/游戏分支/配置满足。不是同数量的独立功能，也不宣称本次实机验证。
descriptors,homeseeker,✅,,,,/tmp/wildwise-research/insight/scripts/descriptors/homeseeker.lua,静态入口索引；需组件/游戏分支/配置满足。不是同数量的独立功能，也不宣称本次实机验证。
descriptors,hounded,✅,,,"hounded.time_until_crocodog,hounded.time_until_hounds,hounded.time_until_worm_boss,hounded.time_until_worms,hounded.worm_boss_chance",/tmp/wildwise-research/insight/scripts/descriptors/hounded.lua,静态入口索引；需组件/游戏分支/配置满足。不是同数量的独立功能，也不宣称本次实机验证。
descriptors,hunger,✅,display_hunger,,"hunger,hunger_burn,hunger_paused",/tmp/wildwise-research/insight/scripts/descriptors/hunger.lua,静态入口索引；需组件/游戏分支/配置满足。不是同数量的独立功能，也不宣称本次实机验证。
descriptors,hunter,✅,hunt_indicator,,,/tmp/wildwise-research/insight/scripts/descriptors/hunter.lua,静态入口索引；需组件/游戏分支/配置满足。不是同数量的独立功能，也不宣称本次实机验证。
descriptors,inspectable,✅,"display_gyminfo,display_shelter_info","insight_false_combat,insight_ranged,insight_shelter,inspectable,oceantrawler_","gym_weight_value,insulation_summer,ruins_statue_gem,sheltered.range,sheltered.shelter,wagstaff_tool,waterproofness,wintertreegiftable.not_ready,wintertreegiftable.ready",/tmp/wildwise-research/insight/scripts/descriptors/inspectable.lua,静态入口索引；需组件/游戏分支/配置满足。不是同数量的独立功能，也不宣称本次实机验证。
descriptors,insulator,✅,,,"insulation_summer,insulation_winter",/tmp/wildwise-research/insight/scripts/descriptors/insulator.lua,静态入口索引；需组件/游戏分支/配置满足。不是同数量的独立功能，也不宣称本次实机验证。
descriptors,inventory,✅,,inventory.DescribeEquipSlot(,inventory,/tmp/wildwise-research/insight/scripts/descriptors/inventory.lua,静态入口索引；需组件/游戏分支/配置满足。不是同数量的独立功能，也不宣称本次实机验证。
descriptors,itemmimic,✅,display_itemmimic_information,,itemmimic.time_to_reveal,/tmp/wildwise-research/insight/scripts/descriptors/itemmimic.lua,静态入口索引；需组件/游戏分支/配置满足。不是同数量的独立功能，也不宣称本次实机验证。
descriptors,kitcoonden,✅,,,kitcoonden.number_of_kitcoons,/tmp/wildwise-research/insight/scripts/descriptors/kitcoonden.lua,静态入口索引；需组件/游戏分支/配置满足。不是同数量的独立功能，也不宣称本次实机验证。
descriptors,klaussacklock,✅,klaus_sack_info,,klaussackloot,/tmp/wildwise-research/insight/scripts/descriptors/klaussacklock.lua,静态入口索引；需组件/游戏分支/配置满足。不是同数量的独立功能，也不宣称本次实机验证。
descriptors,klaussackloot,❌,,,,/tmp/wildwise-research/insight/scripts/descriptors/klaussackloot.lua,静态入口索引；需组件/游戏分支/配置满足。不是同数量的独立功能，也不宣称本次实机验证。
descriptors,klaussackspawner,❌,,,"klaussackspawner.announce_despawn,klaussackspawner.announce_spawn,klaussackspawner.klaussack_despawn,klaussackspawner.klaussack_spawnsin",/tmp/wildwise-research/insight/scripts/descriptors/klaussackspawner.lua,静态入口索引；需组件/游戏分支/配置满足。不是同数量的独立功能，也不宣称本次实机验证。
descriptors,krakener,✅,,,,/tmp/wildwise-research/insight/scripts/descriptors/krakener.lua,静态入口索引；需组件/游戏分支/配置满足。不是同数量的独立功能，也不宣称本次实机验证。
descriptors,kramped,✅,,"kramped_creaturenaughtiness,kramped_playernaughtiness","kramped.localplayer_naughtiness,kramped.naughtiness",/tmp/wildwise-research/insight/scripts/descriptors/kramped.lua,静态入口索引；需组件/游戏分支/配置满足。不是同数量的独立功能，也不宣称本次实机验证。
descriptors,leader,✅,follower_info,,followers,/tmp/wildwise-research/insight/scripts/descriptors/leader.lua,静态入口索引；需组件/游戏分支/配置满足。不是同数量的独立功能，也不宣称本次实机验证。
descriptors,lightningblocker,✅,,"insight_ranged,lightningblocker",lightningblocker.range,/tmp/wildwise-research/insight/scripts/descriptors/lightningblocker.lua,静态入口索引；需组件/游戏分支/配置满足。不是同数量的独立功能，也不宣称本次实机验证。
descriptors,linkeditem,✅,,,linkeditem.owner,/tmp/wildwise-research/insight/scripts/descriptors/linkeditem.lua,静态入口索引；需组件/游戏分支/配置满足。不是同数量的独立功能，也不宣称本次实机验证。
descriptors,locomotor,✅,,"locomotor_add_,locomotor_mult_",,/tmp/wildwise-research/insight/scripts/descriptors/locomotor.lua,静态入口索引；需组件/游戏分支/配置满足。不是同数量的独立功能，也不宣称本次实机验证。
descriptors,lunarhailmanager,✅,,,,/tmp/wildwise-research/insight/scripts/descriptors/lunarhailmanager.lua,静态入口索引；需组件/游戏分支/配置满足。不是同数量的独立功能，也不宣称本次实机验证。
descriptors,lunarriftmutationsmanager,✅,,,,/tmp/wildwise-research/insight/scripts/descriptors/lunarriftmutationsmanager.lua,静态入口索引；需组件/游戏分支/配置满足。不是同数量的独立功能，也不宣称本次实机验证。
descriptors,lunarthrall_plantspawner,✅,,,"lunarthrall_plantspawner.infested_count,lunarthrall_plantspawner.next_wave,lunarthrall_plantspawner.remain_waves,lunarthrall_plantspawner.spawn",/tmp/wildwise-research/insight/scripts/descriptors/lunarthrall_plantspawner.lua,静态入口索引；需组件/游戏分支/配置满足。不是同数量的独立功能，也不宣称本次实机验证。
descriptors,madsciencelab,✅,,,madsciencelab_finish,/tmp/wildwise-research/insight/scripts/descriptors/madsciencelab.lua,静态入口索引；需组件/游戏分支/配置满足。不是同数量的独立功能，也不宣称本次实机验证。
descriptors,malbatrossspawner,❌,,,"malbatrossspawner.malbatross_spawnsin,malbatrossspawner.time_to_respawn",/tmp/wildwise-research/insight/scripts/descriptors/malbatrossspawner.lua,静态入口索引；需组件/游戏分支/配置满足。不是同数量的独立功能，也不宣称本次实机验证。
descriptors,mast,✅,,,"mast_max_velocity,mast_sail_force",/tmp/wildwise-research/insight/scripts/descriptors/mast.lua,静态入口索引；需组件/游戏分支/配置满足。不是同数量的独立功能，也不宣称本次实机验证。
descriptors,mermcandidate,✅,,,mermcandidate,/tmp/wildwise-research/insight/scripts/descriptors/mermcandidate.lua,静态入口索引；需组件/游戏分支/配置满足。不是同数量的独立功能，也不宣称本次实机验证。
descriptors,mermkingmanager,✅,,,,/tmp/wildwise-research/insight/scripts/descriptors/mermkingmanager.lua,静态入口索引；需组件/游戏分支/配置满足。不是同数量的独立功能，也不宣称本次实机验证。
descriptors,messagebottlemanager,✅,,,messagebottlemanager,/tmp/wildwise-research/insight/scripts/descriptors/messagebottlemanager.lua,静态入口索引；需组件/游戏分支/配置满足。不是同数量的独立功能，也不宣称本次实机验证。
descriptors,mightiness,✅,,,mightiness,/tmp/wildwise-research/insight/scripts/descriptors/mightiness.lua,静态入口索引；需组件/游戏分支/配置满足。不是同数量的独立功能，也不宣称本次实机验证。
descriptors,mightydumbbell,✅,,,mightydumbbell.mightness_per_use,/tmp/wildwise-research/insight/scripts/descriptors/mightydumbbell.lua,静态入口索引；需组件/游戏分支/配置满足。不是同数量的独立功能，也不宣称本次实机验证。
descriptors,mightygym,✅,display_gyminfo,,"mightygym.hunger_drain,mightygym.mighty_gains,mightygym.weight",/tmp/wildwise-research/insight/scripts/descriptors/mightygym.lua,静态入口索引；需组件/游戏分支/配置满足。不是同数量的独立功能，也不宣称本次实机验证。
descriptors,mine,✅,display_attack_range,"insight_ranged,mine","mine.active,mine.beemine_bees,mine.inactive,mine.trap_starfish_cooldown",/tmp/wildwise-research/insight/scripts/descriptors/mine.lua,静态入口索引；需组件/游戏分支/配置满足。不是同数量的独立功能，也不宣称本次实机验证。
descriptors,moisture,✅,,,moisture,/tmp/wildwise-research/insight/scripts/descriptors/moisture.lua,静态入口索引；需组件/游戏分支/配置满足。不是同数量的独立功能，也不宣称本次实机验证。
descriptors,moonaltarlinktarget,✅,,"insight_ranged,moonaltarlinktarget",,/tmp/wildwise-research/insight/scripts/descriptors/moonaltarlinktarget.lua,静态入口索引；需组件/游戏分支/配置满足。不是同数量的独立功能，也不宣称本次实机验证。
descriptors,moonstormmanager,✅,,,moonstormmanager.storm_move,/tmp/wildwise-research/insight/scripts/descriptors/moonstormmanager.lua,静态入口索引；需组件/游戏分支/配置满足。不是同数量的独立功能，也不宣称本次实机验证。
descriptors,nightmareclock,✅,nightmareclock_display,,"nightmareclock.announce_phase,nightmareclock.announce_phase_locked,nightmareclock.phase_info,nightmareclock.phase_locked,nightmareclock.phases",/tmp/wildwise-research/insight/scripts/descriptors/nightmareclock.lua,静态入口索引；需组件/游戏分支/配置满足。不是同数量的独立功能，也不宣称本次实机验证。
descriptors,oar,✅,,,oar_force,/tmp/wildwise-research/insight/scripts/descriptors/oar.lua,静态入口索引；需组件/游戏分支/配置满足。不是同数量的独立功能，也不宣称本次实机验证。
descriptors,occupiable,✅,,,,/tmp/wildwise-research/insight/scripts/descriptors/occupiable.lua,静态入口索引；需组件/游戏分支/配置满足。不是同数量的独立功能，也不宣称本次实机验证。
descriptors,occupier,✅,,,,/tmp/wildwise-research/insight/scripts/descriptors/occupier.lua,静态入口索引；需组件/游戏分支/配置满足。不是同数量的独立功能，也不宣称本次实机验证。
descriptors,oceanfishingrod,✅,,,"oceanfishingrod.battle.slack,oceanfishingrod.battle.tension,oceanfishingrod.hook.interest,oceanfishingrod.hook.num_interested",/tmp/wildwise-research/insight/scripts/descriptors/oceanfishingrod.lua,静态入口索引；需组件/游戏分支/配置满足。不是同数量的独立功能，也不宣称本次实机验证。
descriptors,oceanfishingtackle,✅,display_tackle_information,,"oceanfishingtackle.casting.bonus_accuracy,oceanfishingtackle.casting.bonus_distance,oceanfishingtackle.lure.charm,oceanfishingtackle.lure.stamina_drain,oceanfishingtackle.lure.time_of_day_modifier,oceanfishingtackle.lure.weather_modifier",/tmp/wildwise-research/insight/scripts/descriptors/oceanfishingtackle.lua,静态入口索引；需组件/游戏分支/配置满足。不是同数量的独立功能，也不宣称本次实机验证。
descriptors,oceanicemanager,✅,,,,/tmp/wildwise-research/insight/scripts/descriptors/oceanicemanager.lua,静态入口索引；需组件/游戏分支/配置满足。不是同数量的独立功能，也不宣称本次实机验证。
descriptors,oceantrawler,✅,,oceantrawler_,,/tmp/wildwise-research/insight/scripts/descriptors/oceantrawler.lua,静态入口索引；需组件/游戏分支/配置满足。不是同数量的独立功能，也不宣称本次实机验证。
descriptors,oldager,✅,,,,/tmp/wildwise-research/insight/scripts/descriptors/oldager.lua,静态入口索引；需组件/游戏分支/配置满足。不是同数量的独立功能，也不宣称本次实机验证。
descriptors,parryweapon,❌,,parryweapon_parryduration,,/tmp/wildwise-research/insight/scripts/descriptors/parryweapon.lua,静态入口索引；需组件/游戏分支/配置满足。不是同数量的独立功能，也不宣称本次实机验证。
descriptors,periodicthreat,✅,,,"worms_incoming,worms_incoming_danger",/tmp/wildwise-research/insight/scripts/descriptors/periodicthreat.lua,静态入口索引；需组件/游戏分支/配置满足。不是同数量的独立功能，也不宣称本次实机验证。
descriptors,perishable,✅,display_perishable,,"perishable,perishable.paused,perishable.rot,perishable.transition,perishable.transition_extended",/tmp/wildwise-research/insight/scripts/descriptors/perishable.lua,静态入口索引；需组件/游戏分支/配置满足。不是同数量的独立功能，也不宣称本次实机验证。
descriptors,petrifiable,✅,,,petrify,/tmp/wildwise-research/insight/scripts/descriptors/petrifiable.lua,静态入口索引；需组件/游戏分支/配置满足。不是同数量的独立功能，也不宣称本次实机验证。
descriptors,pickable,✅,display_pickable,,"lang.pickable.regrowth,pickable.cycles,pickable.mushroom_rain,pickable.regrowth,pickable.regrowth_paused",/tmp/wildwise-research/insight/scripts/descriptors/pickable.lua,静态入口索引；需组件/游戏分支/配置满足。不是同数量的独立功能，也不宣称本次实机验证。
descriptors,planardamage,✅,"display_mob_attack_damage,weapon_damage","planardamage,planardamage_scrapbook","planardamage.additional_damage,planardamage.planar_damage",/tmp/wildwise-research/insight/scripts/descriptors/planardamage.lua,静态入口索引；需组件/游戏分支/配置满足。不是同数量的独立功能，也不宣称本次实机验证。
descriptors,planardefense,✅,armor,,"planardefense.additional_defense,planardefense.planar_defense",/tmp/wildwise-research/insight/scripts/descriptors/planardefense.lua,静态入口索引；需组件/游戏分支/配置满足。不是同数量的独立功能，也不宣称本次实机验证。
descriptors,planarentity,❌,,,,/tmp/wildwise-research/insight/scripts/descriptors/planarentity.lua,静态入口索引；需组件/游戏分支/配置满足。不是同数量的独立功能，也不宣称本次实机验证。
descriptors,pocketwatch,✅,,,oldager.age_change,/tmp/wildwise-research/insight/scripts/descriptors/pocketwatch.lua,静态入口索引；需组件/游戏分支/配置满足。不是同数量的独立功能，也不宣称本次实机验证。
descriptors,poisonable,✅,,,poisonable.remaining_time,/tmp/wildwise-research/insight/scripts/descriptors/poisonable.lua,静态入口索引；需组件/游戏分支/配置满足。不是同数量的独立功能，也不宣称本次实机验证。
descriptors,pollinator,✅,display_pollination,,pollination,/tmp/wildwise-research/insight/scripts/descriptors/pollinator.lua,静态入口索引；需组件/游戏分支/配置满足。不是同数量的独立功能，也不宣称本次实机验证。
descriptors,powerload,✅,,,,/tmp/wildwise-research/insight/scripts/descriptors/powerload.lua,静态入口索引；需组件/游戏分支/配置满足。不是同数量的独立功能，也不宣称本次实机验证。
descriptors,preservative,✅,,,preservative,/tmp/wildwise-research/insight/scripts/descriptors/preservative.lua,静态入口索引；需组件/游戏分支/配置满足。不是同数量的独立功能，也不宣称本次实机验证。
descriptors,preserver,✅,,,"preserver.freshness_rate,preserver.spoilage_rate",/tmp/wildwise-research/insight/scripts/descriptors/preserver.lua,静态入口索引；需组件/游戏分支/配置满足。不是同数量的独立功能，也不宣称本次实机验证。
descriptors,propagator,✅,,,,/tmp/wildwise-research/insight/scripts/descriptors/propagator.lua,静态入口索引；需组件/游戏分支/配置满足。不是同数量的独立功能，也不宣称本次实机验证。
descriptors,quaker,✅,,,quaker.next_quake,/tmp/wildwise-research/insight/scripts/descriptors/quaker.lua,静态入口索引；需组件/游戏分支/配置满足。不是同数量的独立功能，也不宣称本次实机验证。
descriptors,questowner,✅,pipspook_indicator,,"questowner.pipspook.assisted_by,questowner.pipspook.toys_remaining",/tmp/wildwise-research/insight/scripts/descriptors/questowner.lua,静态入口索引；需组件/游戏分支/配置满足。不是同数量的独立功能，也不宣称本次实机验证。
descriptors,rabbitkingmanager,✅,display_rabbitking_information,"rabbitkingmanager,rabbitkingmanager.carrotsfed","cooldown,rabbitkingmanager.carrots,rabbitkingmanager.king_status,rabbitkingmanager.naughtiness",/tmp/wildwise-research/insight/scripts/descriptors/rabbitkingmanager.lua,静态入口索引；需组件/游戏分支/配置满足。不是同数量的独立功能，也不宣称本次实机验证。
descriptors,recallmark,✅,,,recallmark.shard_type,/tmp/wildwise-research/insight/scripts/descriptors/recallmark.lua,静态入口索引；需组件/游戏分支/配置满足。不是同数量的独立功能，也不宣称本次实机验证。
descriptors,rechargeable,✅,display_rechargeable,,"rechargeable.charge,rechargeable.charged_in",/tmp/wildwise-research/insight/scripts/descriptors/rechargeable.lua,静态入口索引；需组件/游戏分支/配置满足。不是同数量的独立功能，也不宣称本次实机验证。
descriptors,reloaditem,✅,,,"planardamage.planar_damage,weapon_damage,weapon_damage_type.normal",/tmp/wildwise-research/insight/scripts/descriptors/reloaditem.lua,静态入口索引；需组件/游戏分支/配置满足。不是同数量的独立功能，也不宣称本次实机验证。
descriptors,repairable,✅,repair_values,,"repairable.chess,repairer.held_repair",/tmp/wildwise-research/insight/scripts/descriptors/repairable.lua,静态入口索引；需组件/游戏分支/配置满足。不是同数量的独立功能，也不宣称本次实机验证。
descriptors,repairer,✅,repair_values,,"repairer.health2,repairer.materials,repairer.perish2,repairer.type,repairer.work2",/tmp/wildwise-research/insight/scripts/descriptors/repairer.lua,静态入口索引；需组件/游戏分支/配置满足。不是同数量的独立功能，也不宣称本次实机验证。
descriptors,riftspawner,✅,,"riftspawner_,riftspawner_riftspawn","riftspawner.announce_spawn,riftspawner.next_spawn",/tmp/wildwise-research/insight/scripts/descriptors/riftspawner.lua,静态入口索引；需组件/游戏分支/配置满足。不是同数量的独立功能，也不宣称本次实机验证。
descriptors,rocmanager,✅,,,rocmanager.cant_spawn,/tmp/wildwise-research/insight/scripts/descriptors/rocmanager.lua,静态入口索引；需组件/游戏分支/配置满足。不是同数量的独立功能，也不宣称本次实机验证。
descriptors,saddler,✅,,,"saddler.absorption,saddler.bonus_damage,saddler.bonus_speed",/tmp/wildwise-research/insight/scripts/descriptors/saddler.lua,静态入口索引；需组件/游戏分支/配置满足。不是同数量的独立功能，也不宣称本次实机验证。
descriptors,sanity,✅,display_sanity,,"sanity.current_enlightenment,sanity.current_sanity",/tmp/wildwise-research/insight/scripts/descriptors/sanity.lua,静态入口索引；需组件/游戏分支/配置满足。不是同数量的独立功能，也不宣称本次实机验证。
descriptors,sanityaura,✅,display_sanityaura,sanityaura,sanityaura.aura_value,/tmp/wildwise-research/insight/scripts/descriptors/sanityaura.lua,静态入口索引；需组件/游戏分支/配置满足。不是同数量的独立功能，也不宣称本次实机验证。
descriptors,scenariorunner,✅,,,scenariorunner.chest_labyrinth,/tmp/wildwise-research/insight/scripts/descriptors/scenariorunner.lua,静态入口索引；需组件/游戏分支/配置满足。不是同数量的独立功能，也不宣称本次实机验证。
descriptors,setbonus,✅,,,,/tmp/wildwise-research/insight/scripts/descriptors/setbonus.lua,静态入口索引；需组件/游戏分支/配置满足。不是同数量的独立功能，也不宣称本次实机验证。
descriptors,sewing,✅,,,,/tmp/wildwise-research/insight/scripts/descriptors/sewing.lua,静态入口索引；需组件/游戏分支/配置满足。不是同数量的独立功能，也不宣称本次实机验证。
descriptors,shadowlevel,✅,,,"shadowlevel.damage_boost,shadowlevel.level,shadowlevel.level_diff,shadowlevel.total_shadow_level",/tmp/wildwise-research/insight/scripts/descriptors/shadowlevel.lua,静态入口索引；需组件/游戏分支/配置满足。不是同数量的独立功能，也不宣称本次实机验证。
descriptors,shadowparasitemanager,✅,,,shadowparasitemanager.num_waves,/tmp/wildwise-research/insight/scripts/descriptors/shadowparasitemanager.lua,静态入口索引；需组件/游戏分支/配置满足。不是同数量的独立功能，也不宣称本次实机验证。
descriptors,shadowsubmissive,✅,,,"shadowsubmissive.shadowcreature.sanity_reward,shadowsubmissive.shadowcreature.spawned_for",/tmp/wildwise-research/insight/scripts/descriptors/shadowsubmissive.lua,静态入口索引；需组件/游戏分支/配置满足。不是同数量的独立功能，也不宣称本次实机验证。
descriptors,shadowthrall_mimics,✅,display_itemmimic_information,"shadowthrall_mimics,shadowthrall_mimics.spawning.","shadowthrall_mimics.mimic_count,shadowthrall_mimics.next_spawn",/tmp/wildwise-research/insight/scripts/descriptors/shadowthrall_mimics.lua,静态入口索引；需组件/游戏分支/配置满足。不是同数量的独立功能，也不宣称本次实机验证。
descriptors,shadowthrallmanager,✅,display_shadowthrall_information,,"shadowthrallmanager.dreadstone_regen,shadowthrallmanager.fissure_cooldown,shadowthrallmanager.thrall_count,shadowthrallmanager.thralls_alive,shadowthrallmanager.waiting_for_players",/tmp/wildwise-research/insight/scripts/descriptors/shadowthrallmanager.lua,静态入口索引；需组件/游戏分支/配置满足。不是同数量的独立功能，也不宣称本次实机验证。
descriptors,sharkboimanager,✅,,,,/tmp/wildwise-research/insight/scripts/descriptors/sharkboimanager.lua,静态入口索引；需组件/游戏分支/配置满足。不是同数量的独立功能，也不宣称本次实机验证。
descriptors,singable,✅,,,"singable.battlesong.battlesong_durability,singable.battlesong.battlesong_fireresistance,singable.battlesong.battlesong_healthgain,singable.battlesong.battlesong_instant_panic,singable.battlesong.battlesong_instant_revive,singable.battlesong.battlesong_instant_taunt,singable.battlesong.battlesong_lunaraligned,singable.battlesong.battlesong_sanityaura,singable.battlesong.battlesong_sanitygain,singable.battlesong.battlesong_shadowaligned,singable.cooldown,singable.cost",/tmp/wildwise-research/insight/scripts/descriptors/singable.lua,静态入口索引；需组件/游戏分支/配置满足。不是同数量的独立功能，也不宣称本次实机验证。
descriptors,sinkholespawner,❌,,,antlion_rage,/tmp/wildwise-research/insight/scripts/descriptors/sinkholespawner.lua,静态入口索引；需组件/游戏分支/配置满足。不是同数量的独立功能，也不宣称本次实机验证。
descriptors,skinner_beefalo,✅,display_yotb_appraisal,,skinner_beefalo,/tmp/wildwise-research/insight/scripts/descriptors/skinner_beefalo.lua,静态入口索引；需组件/游戏分支/配置满足。不是同数量的独立功能，也不宣称本次实机验证。
descriptors,sleeper,✅,,,sleeper.wakeup_time,/tmp/wildwise-research/insight/scripts/descriptors/sleeper.lua,静态入口索引；需组件/游戏分支/配置满足。不是同数量的独立功能，也不宣称本次实机验证。
descriptors,slingshotmods,✅,,,,/tmp/wildwise-research/insight/scripts/descriptors/slingshotmods.lua,静态入口索引；需组件/游戏分支/配置满足。不是同数量的独立功能，也不宣称本次实机验证。
descriptors,soul,✅,,"insight_ranged,soul","wortox_soul_heal,wortox_soul_heal_range",/tmp/wildwise-research/insight/scripts/descriptors/soul.lua,静态入口索引；需组件/游戏分支/配置满足。不是同数量的独立功能，也不宣称本次实机验证。
descriptors,spawner,✅,display_spawner_information,,"spawner.child,spawner.next,spawner.occupied",/tmp/wildwise-research/insight/scripts/descriptors/spawner.lua,静态入口索引；需组件/游戏分支/配置满足。不是同数量的独立功能，也不宣称本次实机验证。
descriptors,spellbook,✅,,,,/tmp/wildwise-research/insight/scripts/descriptors/spellbook.lua,静态入口索引；需组件/游戏分支/配置满足。不是同数量的独立功能，也不宣称本次实机验证。
descriptors,spellcaster,✅,,insight_ranged,,/tmp/wildwise-research/insight/scripts/descriptors/spellcaster.lua,静态入口索引；需组件/游戏分支/配置满足。不是同数量的独立功能，也不宣称本次实机验证。
descriptors,stageactingprop,✅,,,cooldown,/tmp/wildwise-research/insight/scripts/descriptors/stageactingprop.lua,静态入口索引；需组件/游戏分支/配置满足。不是同数量的独立功能，也不宣称本次实机验证。
descriptors,stewer,✅,stewer_chef,??,"lang.stewer.cooktime_remaining,lang.stewer.product,stewer.cooker,stewer.cooktime_modifier_faster,stewer.cooktime_modifier_slower,stewer.cooktime_remaining,stewer.product",/tmp/wildwise-research/insight/scripts/descriptors/stewer.lua,静态入口索引；需组件/游戏分支/配置满足。不是同数量的独立功能，也不宣称本次实机验证。
descriptors,stickable,✅,,,stickable,/tmp/wildwise-research/insight/scripts/descriptors/stickable.lua,静态入口索引；需组件/游戏分支/配置满足。不是同数量的独立功能，也不宣称本次实机验证。
descriptors,teacher,✅,,,,/tmp/wildwise-research/insight/scripts/descriptors/teacher.lua,静态入口索引；需组件/游戏分支/配置满足。不是同数量的独立功能，也不宣称本次实机验证。
descriptors,temperature,✅,,"temperature,temperature-localPlayer","edible_foodeffect.temperature,temperature",/tmp/wildwise-research/insight/scripts/descriptors/temperature.lua,静态入口索引；需组件/游戏分支/配置满足。不是同数量的独立功能，也不宣称本次实机验证。
descriptors,tigersharker,✅,,,"tigershark_exists,tigershark_spawnin,tigershark_waiting",/tmp/wildwise-research/insight/scripts/descriptors/tigersharker.lua,静态入口索引；需组件/游戏分支/配置满足。不是同数量的独立功能，也不宣称本次实机验证。
descriptors,timer,✅,display_timers,,"timer.label,timer.paused",/tmp/wildwise-research/insight/scripts/descriptors/timer.lua,静态入口索引；需组件/游戏分支/配置满足。不是同数量的独立功能，也不宣称本次实机验证。
descriptors,toadstoolspawner,❌,,,toadstoolspawner.time_to_respawn,/tmp/wildwise-research/insight/scripts/descriptors/toadstoolspawner.lua,静态入口索引；需组件/游戏分支/配置满足。不是同数量的独立功能，也不宣称本次实机验证。
descriptors,tool,✅,,,"action_efficiency,tool_efficiency",/tmp/wildwise-research/insight/scripts/descriptors/tool.lua,静态入口索引；需组件/游戏分支/配置满足。不是同数量的独立功能，也不宣称本次实机验证。
descriptors,tradable,✅,"appeasement_value,item_worth",,"tradable_gold,tradable_gold_dubloons,tradable_rocktribute",/tmp/wildwise-research/insight/scripts/descriptors/tradable.lua,静态入口索引；需组件/游戏分支/配置满足。不是同数量的独立功能，也不宣称本次实机验证。
descriptors,trap,✅,display_attack_range,insight_ranged,,/tmp/wildwise-research/insight/scripts/descriptors/trap.lua,静态入口索引；需组件/游戏分支/配置满足。不是同数量的独立功能，也不宣称本次实机验证。
descriptors,unwrappable,✅,display_unwrappable,"<prefab=,?",,/tmp/wildwise-research/insight/scripts/descriptors/unwrappable.lua,静态入口索引；需组件/游戏分支/配置满足。不是同数量的独立功能，也不宣称本次实机验证。
descriptors,upgradeable,✅,display_upgradeable,,"upgradeable_complete,upgradeable_incomplete,upgradeable_stage",/tmp/wildwise-research/insight/scripts/descriptors/upgradeable.lua,静态入口索引；需组件/游戏分支/配置满足。不是同数量的独立功能，也不宣称本次实机验证。
descriptors,upgrademodule,✅,,"bee,cold,heat,maxhealth,maxhealth2,maxhunger,maxhunger1,maxsanity,maxsanity1,movespeed,music,radar,taser,upgrademodule_","dapperness,followers,hunger_slow,sanity.dapperness_mult,sanityaura.negative_aura_modifier,upgrademodule.module_describers.bee,upgrademodule.module_describers.bee_shield,upgrademodule.module_describers.bee_shield_regen,upgrademodule.module_describers.cold,upgrademodule.module_describers.heat,upgrademodule.module_describers.heat_drying,upgrademodule.module_describers.maxhealth,upgrademodule.module_describers.maxhealth_armor,upgrademodule.module_describers.maxhunger,upgrademodule.module_describers.maxsanity,upgrademodule.module_describers.movespeed,upgrademodule.module_describers.music,upgrademodule.module_describers.music_tend,upgrademodule.module_describers.radar,upgrademodule.module_describers.taser,weapon_damage_type.electric",/tmp/wildwise-research/insight/scripts/descriptors/upgrademodule.lua,静态入口索引；需组件/游戏分支/配置满足。不是同数量的独立功能，也不宣称本次实机验证。
descriptors,volcanomanager,✅,,,,/tmp/wildwise-research/insight/scripts/descriptors/volcanomanager.lua,静态入口索引；需组件/游戏分支/配置满足。不是同数量的独立功能，也不宣称本次实机验证。
descriptors,volcanometer,✅,,,,/tmp/wildwise-research/insight/scripts/descriptors/volcanometer.lua,静态入口索引；需组件/游戏分支/配置满足。不是同数量的独立功能，也不宣称本次实机验证。
descriptors,wagpunk_manager,✅,,,,/tmp/wildwise-research/insight/scripts/descriptors/wagpunk_manager.lua,静态入口索引；需组件/游戏分支/配置满足。不是同数量的独立功能，也不宣称本次实机验证。
descriptors,waterproofer,✅,,,waterproofness,/tmp/wildwise-research/insight/scripts/descriptors/waterproofer.lua,静态入口索引；需组件/游戏分支/配置满足。不是同数量的独立功能，也不宣称本次实机验证。
descriptors,watersource,✅,,,watersource,/tmp/wildwise-research/insight/scripts/descriptors/watersource.lua,静态入口索引；需组件/游戏分支/配置满足。不是同数量的独立功能，也不宣称本次实机验证。
descriptors,wateryprotection,✅,,,wateryprotection.wetness,/tmp/wildwise-research/insight/scripts/descriptors/wateryprotection.lua,静态入口索引；需组件/游戏分支/配置满足。不是同数量的独立功能，也不宣称本次实机验证。
descriptors,weapon,✅,weapon_damage,"weapon,weapon_yotr","attack_range,combat.yotr_pillows.knockback,combat.yotr_pillows.laglength,combat.yotr_pillows.prize_value,time_seconds,weapon_damage,weapon_damage_type,weapon_damage_type.normal",/tmp/wildwise-research/insight/scripts/descriptors/weapon.lua,静态入口索引；需组件/游戏分支/配置满足。不是同数量的独立功能，也不宣称本次实机验证。
descriptors,weather,✅,"display_weather,weather_detail",,"weather.progress_to_hail,weather.progress_to_rain,weather.remaining_hail,weather.remaining_rain",/tmp/wildwise-research/insight/scripts/descriptors/weather.lua,静态入口索引；需组件/游戏分支/配置满足。不是同数量的独立功能，也不宣称本次实机验证。
descriptors,weighable,✅,display_weighable,,"weighable.owner_name,weighable.weight,weighable.weight_bounded",/tmp/wildwise-research/insight/scripts/descriptors/weighable.lua,静态入口索引；需组件/游戏分支/配置满足。不是同数量的独立功能，也不宣称本次实机验证。
descriptors,werebeast,✅,,,werebeast,/tmp/wildwise-research/insight/scripts/descriptors/werebeast.lua,静态入口索引；需组件/游戏分支/配置满足。不是同数量的独立功能，也不宣称本次实机验证。
descriptors,wereness,✅,,,wereness_remaining,/tmp/wildwise-research/insight/scripts/descriptors/wereness.lua,静态入口索引；需组件/游戏分支/配置满足。不是同数量的独立功能，也不宣称本次实机验证。
descriptors,whalehunter,✅,hunt_indicator,,,/tmp/wildwise-research/insight/scripts/descriptors/whalehunter.lua,静态入口索引；需组件/游戏分支/配置满足。不是同数量的独立功能，也不宣称本次实机验证。
descriptors,winch,✅,,,"winch.not_winch,winch.sunken_item",/tmp/wildwise-research/insight/scripts/descriptors/winch.lua,静态入口索引；需组件/游戏分支/配置满足。不是同数量的独立功能，也不宣称本次实机验证。
descriptors,wintersfeasttable,✅,,,,/tmp/wildwise-research/insight/scripts/descriptors/wintersfeasttable.lua,静态入口索引；需组件/游戏分支/配置满足。不是同数量的独立功能，也不宣称本次实机验证。
descriptors,wintertreegiftable,✅,,,,/tmp/wildwise-research/insight/scripts/descriptors/wintertreegiftable.lua,静态入口索引；需组件/游戏分支/配置满足。不是同数量的独立功能，也不宣称本次实机验证。
descriptors,witherable,✅,,,"witherable.delay,witherable.rejuvenate,witherable.wither",/tmp/wildwise-research/insight/scripts/descriptors/witherable.lua,静态入口索引；需组件/游戏分支/配置满足。不是同数量的独立功能，也不宣称本次实机验证。
descriptors,workable,✅,,,"workable.treeguard_chance,workable.treeguard_chance_dst",/tmp/wildwise-research/insight/scripts/descriptors/workable.lua,静态入口索引；需组件/游戏分支/配置满足。不是同数量的独立功能，也不宣称本次实机验证。
descriptors,worldmigrator,✅,display_worldmigrator,,"worldmigrator.disabled,worldmigrator.id,worldmigrator.received_portal,worldmigrator.target_shard",/tmp/wildwise-research/insight/scripts/descriptors/worldmigrator.lua,静态入口索引；需组件/游戏分支/配置满足。不是同数量的独立功能，也不宣称本次实机验证。
descriptors,worldsettingstimer,✅,display_timers,,"worldsettingstimer.label,worldsettingstimer.paused",/tmp/wildwise-research/insight/scripts/descriptors/worldsettingstimer.lua,静态入口索引；需组件/游戏分支/配置满足。不是同数量的独立功能，也不宣称本次实机验证。
descriptors,yotb_sewer,✅,,,yotb_sewer,/tmp/wildwise-research/insight/scripts/descriptors/yotb_sewer.lua,静态入口索引；需组件/游戏分支/配置满足。不是同数量的独立功能，也不宣称本次实机验证。
descriptors,yotb_stager,✅,display_yotb_winners,,,/tmp/wildwise-research/insight/scripts/descriptors/yotb_stager.lua,静态入口索引；需组件/游戏分支/配置满足。不是同数量的独立功能，也不宣称本次实机验证。
descriptors,yotd_raceprizemanager,✅,,,,/tmp/wildwise-research/insight/scripts/descriptors/yotd_raceprizemanager.lua,静态入口索引；需组件/游戏分支/配置满足。不是同数量的独立功能，也不宣称本次实机验证。
prefab_descriptors,alterguardianhat,✅,,,"alterguardianhat.minimum_sanity,alterguardianhat.summoned_gestalt_damage",/tmp/wildwise-research/insight/scripts/prefab_descriptors/alterguardianhat.lua,静态入口索引；需组件/游戏分支/配置满足。不是同数量的独立功能，也不宣称本次实机验证。
prefab_descriptors,ancienttree_seed,✅,,,"ancienttree_seed.fruit_regen_time,ancienttree_seed.fruit_regen_time_bounded,ancienttree_seed.type",/tmp/wildwise-research/insight/scripts/prefab_descriptors/ancienttree_seed.lua,静态入口索引；需组件/游戏分支/配置满足。不是同数量的独立功能，也不宣称本次实机验证。
prefab_descriptors,antlionhat,✅,,antlionhat_,,/tmp/wildwise-research/insight/scripts/prefab_descriptors/antlionhat.lua,静态入口索引；需组件/游戏分支/配置满足。不是同数量的独立功能，也不宣称本次实机验证。
prefab_descriptors,archive_lockbox,✅,,,archive_lockbox_unlocks,/tmp/wildwise-research/insight/scripts/prefab_descriptors/archive_lockbox.lua,静态入口索引；需组件/游戏分支/配置满足。不是同数量的独立功能，也不宣称本次实机验证。
prefab_descriptors,archive_orchestrina_main,✅,orchestrina_indicator,,,/tmp/wildwise-research/insight/scripts/prefab_descriptors/archive_orchestrina_main.lua,静态入口索引；需组件/游戏分支/配置满足。不是同数量的独立功能，也不宣称本次实机验证。
prefab_descriptors,armordreadstone,✅,,,"armordreadstone.regen,armordreadstone.regen_complete",/tmp/wildwise-research/insight/scripts/prefab_descriptors/armordreadstone.lua,静态入口索引；需组件/游戏分支/配置满足。不是同数量的独立功能，也不宣称本次实机验证。
prefab_descriptors,atrium_gate,❌,,,atrium_gate.cooldown,/tmp/wildwise-research/insight/scripts/prefab_descriptors/atrium_gate.lua,静态入口索引；需组件/游戏分支/配置满足。不是同数量的独立功能，也不宣称本次实机验证。
prefab_descriptors,basefan,✅,,insight_ranged,,/tmp/wildwise-research/insight/scripts/prefab_descriptors/basefan.lua,静态入口索引；需组件/游戏分支/配置满足。不是同数量的独立功能，也不宣称本次实机验证。
prefab_descriptors,batbat,✅,,,"batbat.health_restore,batbat.sanity_cost",/tmp/wildwise-research/insight/scripts/prefab_descriptors/batbat.lua,静态入口索引；需组件/游戏分支/配置满足。不是同数量的独立功能，也不宣称本次实机验证。
prefab_descriptors,batnosehat,✅,,,,/tmp/wildwise-research/insight/scripts/prefab_descriptors/batnosehat.lua,静态入口索引；需组件/游戏分支/配置满足。不是同数量的独立功能，也不宣称本次实机验证。
prefab_descriptors,beef_bell,✅,,,beef_bell.beefalo_name,/tmp/wildwise-research/insight/scripts/prefab_descriptors/beef_bell.lua,静态入口索引；需组件/游戏分支/配置满足。不是同数量的独立功能，也不宣称本次实机验证。
prefab_descriptors,beequeenhive,❌,,,beequeenhive.time_to_respawn,/tmp/wildwise-research/insight/scripts/prefab_descriptors/beequeenhive.lua,静态入口索引；需组件/游戏分支/配置满足。不是同数量的独立功能，也不宣称本次实机验证。
prefab_descriptors,canary,✅,,,"canary.gas_level,canary.gas_level_decrease,canary.gas_level_increase,canary.poison_chance",/tmp/wildwise-research/insight/scripts/prefab_descriptors/canary.lua,静态入口索引；需组件/游戏分支/配置满足。不是同数量的独立功能，也不宣称本次实机验证。
prefab_descriptors,carnivaldecor_figure,✅,,,,/tmp/wildwise-research/insight/scripts/prefab_descriptors/carnivaldecor_figure.lua,静态入口索引；需组件/游戏分支/配置满足。不是同数量的独立功能，也不宣称本次实机验证。
prefab_descriptors,carnivaldecor_figure_kit,✅,display_cawnival,,"carnivaldecor.value,carnivaldecor_figure_kit.rarity,carnivaldecor_figure_kit.rarity_types,carnivaldecor_figure_kit.season,carnivaldecor_figure_kit.shape,carnivaldecor_figure_kit.undecided",/tmp/wildwise-research/insight/scripts/prefab_descriptors/carnivaldecor_figure_kit.lua,静态入口索引；需组件/游戏分支/配置满足。不是同数量的独立功能，也不宣称本次实机验证。
prefab_descriptors,carnivaldecor_figure_kit_season2,❌,,,,/tmp/wildwise-research/insight/scripts/prefab_descriptors/carnivaldecor_figure_kit_season2.lua,静态入口索引；需组件/游戏分支/配置满足。不是同数量的独立功能，也不宣称本次实机验证。
prefab_descriptors,carnivaldecor_figure_season2,❌,,,,/tmp/wildwise-research/insight/scripts/prefab_descriptors/carnivaldecor_figure_season2.lua,静态入口索引；需组件/游戏分支/配置满足。不是同数量的独立功能，也不宣称本次实机验证。
prefab_descriptors,catcoon,✅,,,,/tmp/wildwise-research/insight/scripts/prefab_descriptors/catcoon.lua,静态入口索引；需组件/游戏分支/配置满足。不是同数量的独立功能，也不宣称本次实机验证。
prefab_descriptors,catcoonden,✅,,,"catcoonden.lives,catcoonden.regenerate,catcoonden.waiting_for_sleep",/tmp/wildwise-research/insight/scripts/prefab_descriptors/catcoonden.lua,静态入口索引；需组件/游戏分支/配置满足。不是同数量的独立功能，也不宣称本次实机验证。
prefab_descriptors,cave_entrance,✅,sinkhole_marks,,,/tmp/wildwise-research/insight/scripts/prefab_descriptors/cave_entrance.lua,静态入口索引；需组件/游戏分支/配置满足。不是同数量的独立功能，也不宣称本次实机验证。
prefab_descriptors,cave_exit,❌,,,,/tmp/wildwise-research/insight/scripts/prefab_descriptors/cave_exit.lua,静态入口索引；需组件/游戏分支/配置满足。不是同数量的独立功能，也不宣称本次实机验证。
prefab_descriptors,chest_mimic,✅,,,,/tmp/wildwise-research/insight/scripts/prefab_descriptors/chest_mimic.lua,静态入口索引；需组件/游戏分支/配置满足。不是同数量的独立功能，也不宣称本次实机验证。
prefab_descriptors,chester_eyebone,✅,,,"announce_chester_respawn,chester_respawn",/tmp/wildwise-research/insight/scripts/prefab_descriptors/chester_eyebone.lua,静态入口索引；需组件/游戏分支/配置满足。不是同数量的独立功能，也不宣称本次实机验证。
prefab_descriptors,dirtpile,✅,,hunter,"hunter.alternate_beast_chance,hunter.hunt_progress,hunter.impending_ambush",/tmp/wildwise-research/insight/scripts/prefab_descriptors/dirtpile.lua,静态入口索引；需组件/游戏分支/配置满足。不是同数量的独立功能，也不宣称本次实机验证。
prefab_descriptors,dragonfly_spawner,❌,,,dragonfly_spawner.time_to_respawn,/tmp/wildwise-research/insight/scripts/prefab_descriptors/dragonfly_spawner.lua,静态入口索引；需组件/游戏分支/配置满足。不是同数量的独立功能，也不宣称本次实机验证。
prefab_descriptors,dreadstonehat,❌,,,,/tmp/wildwise-research/insight/scripts/prefab_descriptors/dreadstonehat.lua,静态入口索引；需组件/游戏分支/配置满足。不是同数量的独立功能，也不宣称本次实机验证。
prefab_descriptors,eyeplant,✅,,,,/tmp/wildwise-research/insight/scripts/prefab_descriptors/eyeplant.lua,静态入口索引；需组件/游戏分支/配置满足。不是同数量的独立功能，也不宣称本次实机验证。
prefab_descriptors,firesuppressor,✅,,,,/tmp/wildwise-research/insight/scripts/prefab_descriptors/firesuppressor.lua,静态入口索引；需组件/游戏分支/配置满足。不是同数量的独立功能，也不宣称本次实机验证。
prefab_descriptors,flower,✅,display_sanity_interactions,,sanity.interaction,/tmp/wildwise-research/insight/scripts/prefab_descriptors/flower.lua,静态入口索引；需组件/游戏分支/配置满足。不是同数量的独立功能，也不宣称本次实机验证。
prefab_descriptors,flower_evil,✅,display_sanity_interactions,,sanity.interaction,/tmp/wildwise-research/insight/scripts/prefab_descriptors/flower_evil.lua,静态入口索引；需组件/游戏分支/配置满足。不是同数量的独立功能，也不宣称本次实机验证。
prefab_descriptors,fossil_stalker,✅,,,"fossil_stalker.correct,fossil_stalker.gateway_too_far,fossil_stalker.incorrect,fossil_stalker.pieces_needed",/tmp/wildwise-research/insight/scripts/prefab_descriptors/fossil_stalker.lua,静态入口索引；需组件/游戏分支/配置满足。不是同数量的独立功能，也不宣称本次实机验证。
prefab_descriptors,healingsalve_acid,✅,,,,/tmp/wildwise-research/insight/scripts/prefab_descriptors/healingsalve_acid.lua,静态入口索引；需组件/游戏分支/配置满足。不是同数量的独立功能，也不宣称本次实机验证。
prefab_descriptors,heatrock,✅,,,"heatrock_temperature,temperature",/tmp/wildwise-research/insight/scripts/prefab_descriptors/heatrock.lua,静态入口索引；需组件/游戏分支/配置满足。不是同数量的独立功能，也不宣称本次实机验证。
prefab_descriptors,houndstooth_blowpipe,✅,weapon_damage,,,/tmp/wildwise-research/insight/scripts/prefab_descriptors/houndstooth_blowpipe.lua,静态入口索引；需组件/游戏分支/配置满足。不是同数量的独立功能，也不宣称本次实机验证。
prefab_descriptors,hutch_fishbowl,✅,,,"announce_hutch_respawn,hutch_respawn",/tmp/wildwise-research/insight/scripts/prefab_descriptors/hutch_fishbowl.lua,静态入口索引；需组件/游戏分支/配置满足。不是同数量的独立功能，也不宣称本次实机验证。
prefab_descriptors,inspectacleshat,✅,,,cooldown,/tmp/wildwise-research/insight/scripts/prefab_descriptors/inspectacleshat.lua,静态入口索引；需组件/游戏分支/配置满足。不是同数量的独立功能，也不宣称本次实机验证。
prefab_descriptors,lighter,✅,,"insight_ranged,lighter_willow",,/tmp/wildwise-research/insight/scripts/prefab_descriptors/lighter.lua,静态入口索引；需组件/游戏分支/配置满足。不是同数量的独立功能，也不宣称本次实机验证。
prefab_descriptors,lightninggoat,✅,,,lightninggoat_charge,/tmp/wildwise-research/insight/scripts/prefab_descriptors/lightninggoat.lua,静态入口索引；需组件/游戏分支/配置满足。不是同数量的独立功能，也不宣称本次实机验证。
prefab_descriptors,lunarrift_portal,✅,,"lunarrift_portal,lunarrift_portal_childspawner","childspawner.children,growable.next_stage,lunarrift_portal.close,lunarrift_portal.crystals,lunarrift_portal.next_crystal,riftspawner.stage",/tmp/wildwise-research/insight/scripts/prefab_descriptors/lunarrift_portal.lua,静态入口索引；需组件/游戏分支/配置满足。不是同数量的独立功能，也不宣称本次实机验证。
prefab_descriptors,lunarthrall_plant,✅,,,lunarthrall_plant.time_to_aggro,/tmp/wildwise-research/insight/scripts/prefab_descriptors/lunarthrall_plant.lua,静态入口索引；需组件/游戏分支/配置满足。不是同数量的独立功能，也不宣称本次实机验证。
prefab_descriptors,lureplant,✅,,,lureplant.become_active,/tmp/wildwise-research/insight/scripts/prefab_descriptors/lureplant.lua,静态入口索引；需组件/游戏分支/配置满足。不是同数量的独立功能，也不宣称本次实机验证。
prefab_descriptors,molehill,✅,,,,/tmp/wildwise-research/insight/scripts/prefab_descriptors/molehill.lua,静态入口索引；需组件/游戏分支/配置满足。不是同数量的独立功能，也不宣称本次实机验证。
prefab_descriptors,monkey_mediumhat,✅,,,monkey_mediumhat,/tmp/wildwise-research/insight/scripts/prefab_descriptors/monkey_mediumhat.lua,静态入口索引；需组件/游戏分支/配置满足。不是同数量的独立功能，也不宣称本次实机验证。
prefab_descriptors,monkey_smallhat,✅,,,monkey_smallhat,/tmp/wildwise-research/insight/scripts/prefab_descriptors/monkey_smallhat.lua,静态入口索引；需组件/游戏分支/配置满足。不是同数量的独立功能，也不宣称本次实机验证。
prefab_descriptors,moonstorm_static,✅,,,"moonstormmanager.wagstaff_hunt.experiment_time,moonstormmanager.wagstaff_hunt.time_for_next_tool",/tmp/wildwise-research/insight/scripts/prefab_descriptors/moonstorm_static.lua,静态入口索引；需组件/游戏分支/配置满足。不是同数量的独立功能，也不宣称本次实机验证。
prefab_descriptors,mushroom_farm,✅,,,harvests,/tmp/wildwise-research/insight/scripts/prefab_descriptors/mushroom_farm.lua,静态入口索引；需组件/游戏分支/配置满足。不是同数量的独立功能，也不宣称本次实机验证。
prefab_descriptors,oceantree,✅,,,oceantree_supertall_growth_progress,/tmp/wildwise-research/insight/scripts/prefab_descriptors/oceantree.lua,静态入口索引；需组件/游戏分支/配置满足。不是同数量的独立功能，也不宣称本次实机验证。
prefab_descriptors,otterden,✅,,,,/tmp/wildwise-research/insight/scripts/prefab_descriptors/otterden.lua,静态入口索引；需组件/游戏分支/配置满足。不是同数量的独立功能，也不宣称本次实机验证。
prefab_descriptors,pandoraschest,✅,,,scenariorunner.opened_already,/tmp/wildwise-research/insight/scripts/prefab_descriptors/pandoraschest.lua,静态入口索引；需组件/游戏分支/配置满足。不是同数量的独立功能，也不宣称本次实机验证。
prefab_descriptors,pangolden,✅,,,pangolden.gold_level_progress,/tmp/wildwise-research/insight/scripts/prefab_descriptors/pangolden.lua,静态入口索引；需组件/游戏分支/配置满足。不是同数量的独立功能，也不宣称本次实机验证。
prefab_descriptors,polly_rogershat,✅,,insight_ranged,polly_rogershat.announce_respawn,/tmp/wildwise-research/insight/scripts/prefab_descriptors/polly_rogershat.lua,静态入口索引；需组件/游戏分支/配置满足。不是同数量的独立功能，也不宣称本次实机验证。
prefab_descriptors,rabbithole,✅,,,,/tmp/wildwise-research/insight/scripts/prefab_descriptors/rabbithole.lua,静态入口索引；需组件/游戏分支/配置满足。不是同数量的独立功能，也不宣称本次实机验证。
prefab_descriptors,rainometer,✅,,,"frog_rain_chance,global_wetness,precipitation_rate",/tmp/wildwise-research/insight/scripts/prefab_descriptors/rainometer.lua,静态入口索引；需组件/游戏分支/配置满足。不是同数量的独立功能，也不宣称本次实机验证。
prefab_descriptors,roseglasseshat,✅,,,cooldown,/tmp/wildwise-research/insight/scripts/prefab_descriptors/roseglasseshat.lua,静态入口索引；需组件/游戏分支/配置满足。不是同数量的独立功能，也不宣称本次实机验证。
prefab_descriptors,shadow_battleaxe,✅,,"shadow_battleaxe,shadow_battleaxe_lifesteal","shadow_battleaxe.boss_progress,shadow_battleaxe.level,shadow_battleaxe.lifesteal",/tmp/wildwise-research/insight/scripts/prefab_descriptors/shadow_battleaxe.lua,静态入口索引；需组件/游戏分支/配置满足。不是同数量的独立功能，也不宣称本次实机验证。
prefab_descriptors,shadowrift_portal,✅,,shadowrift_portal,"growable.next_stage,riftspawner.stage,shadowrift_portal.close",/tmp/wildwise-research/insight/scripts/prefab_descriptors/shadowrift_portal.lua,静态入口索引；需组件/游戏分支/配置满足。不是同数量的独立功能，也不宣称本次实机验证。
prefab_descriptors,sharkboi,✅,,,sharkboi.trades_remaining,/tmp/wildwise-research/insight/scripts/prefab_descriptors/sharkboi.lua,静态入口索引；需组件/游戏分支/配置满足。不是同数量的独立功能，也不宣称本次实机验证。
prefab_descriptors,spider_healer,✅,,,"spider_healer.spider_heal,spider_healer.webber_heal",/tmp/wildwise-research/insight/scripts/prefab_descriptors/spider_healer.lua,静态入口索引；需组件/游戏分支/配置满足。不是同数量的独立功能，也不宣称本次实机验证。
prefab_descriptors,spider_whistle,✅,,insight_ranged,,/tmp/wildwise-research/insight/scripts/prefab_descriptors/spider_whistle.lua,静态入口索引；需组件/游戏分支/配置满足。不是同数量的独立功能，也不宣称本次实机验证。
prefab_descriptors,sprinkler,✅,,insight_ranged,,/tmp/wildwise-research/insight/scripts/prefab_descriptors/sprinkler.lua,静态入口索引；需组件/游戏分支/配置满足。不是同数量的独立功能，也不宣称本次实机验证。
prefab_descriptors,stagehand,✅,,,"stagehand.hits_remaining,stagehand.time_to_reset",/tmp/wildwise-research/insight/scripts/prefab_descriptors/stagehand.lua,静态入口索引；需组件/游戏分支/配置满足。不是同数量的独立功能，也不宣称本次实机验证。
prefab_descriptors,support_pillar,✅,,support_pillar,"support_pillar.durability,support_pillar.reinforcement",/tmp/wildwise-research/insight/scripts/prefab_descriptors/support_pillar.lua,静态入口索引；需组件/游戏分支/配置满足。不是同数量的独立功能，也不宣称本次实机验证。
prefab_descriptors,support_pillar_dreadstone,✅,,support_pillar_dreadstone,support_pillar_dreadstone.time_until_reinforcement_regen,/tmp/wildwise-research/insight/scripts/prefab_descriptors/support_pillar_dreadstone.lua,静态入口索引；需组件/游戏分支/配置满足。不是同数量的独立功能，也不宣称本次实机验证。
prefab_descriptors,tentacle_pillar_hole,✅,,,tentacle_pillar_hole.immunity_time,/tmp/wildwise-research/insight/scripts/prefab_descriptors/tentacle_pillar_hole.lua,静态入口索引；需组件/游戏分支/配置满足。不是同数量的独立功能，也不宣称本次实机验证。
prefab_descriptors,terrarium,✅,,"terrarium,terrarium_health","terrarium.announce_cooldown,terrarium.day_recovery,terrarium.eot_health,terrarium.retinazor_health,terrarium.spazmatism_health",/tmp/wildwise-research/insight/scripts/prefab_descriptors/terrarium.lua,静态入口索引；需组件/游戏分支/配置满足。不是同数量的独立功能，也不宣称本次实机验证。
prefab_descriptors,tillweedsalve,✅,,,,/tmp/wildwise-research/insight/scripts/prefab_descriptors/tillweedsalve.lua,静态入口索引；需组件/游戏分支/配置满足。不是同数量的独立功能，也不宣称本次实机验证。
prefab_descriptors,townportal,✅,,,,/tmp/wildwise-research/insight/scripts/prefab_descriptors/townportal.lua,静态入口索引；需组件/游戏分支/配置满足。不是同数量的独立功能，也不宣称本次实机验证。
prefab_descriptors,tumbleweed,✅,tumbleweed_info,,,/tmp/wildwise-research/insight/scripts/prefab_descriptors/tumbleweed.lua,静态入口索引；需组件/游戏分支/配置满足。不是同数量的独立功能，也不宣称本次实机验证。
prefab_descriptors,voidcloth_scythe,✅,,,,/tmp/wildwise-research/insight/scripts/prefab_descriptors/voidcloth_scythe.lua,静态入口索引；需组件/游戏分支/配置满足。不是同数量的独立功能，也不宣称本次实机验证。
prefab_descriptors,wagstaff_npc,✅,,,moonstormmanager.wagstaff_hunt.progress,/tmp/wildwise-research/insight/scripts/prefab_descriptors/wagstaff_npc.lua,静态入口索引；需组件/游戏分支/配置满足。不是同数量的独立功能，也不宣称本次实机验证。
prefab_descriptors,walrus_camp,✅,,,"walrus_camp_respawn,worldsettingstimer.paused",/tmp/wildwise-research/insight/scripts/prefab_descriptors/walrus_camp.lua,静态入口索引；需组件/游戏分支/配置满足。不是同数量的独立功能，也不宣称本次实机验证。
prefab_descriptors,wathgrithr_shield,✅,,wathgrithr_shield_parryweapon,"parryweapon.parry_duration,wathgrithr_shield.parry_duration_complex",/tmp/wildwise-research/insight/scripts/prefab_descriptors/wathgrithr_shield.lua,静态入口索引；需组件/游戏分支/配置满足。不是同数量的独立功能，也不宣称本次实机验证。
prefab_descriptors,whale_bubbles,✅,,,,/tmp/wildwise-research/insight/scripts/prefab_descriptors/whale_bubbles.lua,静态入口索引；需组件/游戏分支/配置满足。不是同数量的独立功能，也不宣称本次实机验证。
prefab_descriptors,winter_ornaments,✅,,,,/tmp/wildwise-research/insight/scripts/prefab_descriptors/winter_ornaments.lua,静态入口索引；需组件/游戏分支/配置满足。不是同数量的独立功能，也不宣称本次实机验证。
prefab_descriptors,winterometer,✅,,,world_temperature,/tmp/wildwise-research/insight/scripts/prefab_descriptors/winterometer.lua,静态入口索引；需组件/游戏分支/配置满足。不是同数量的独立功能，也不宣称本次实机验证。
prefab_descriptors,wormhole,✅,display_sanity_interactions,,sanity.interaction,/tmp/wildwise-research/insight/scripts/prefab_descriptors/wormhole.lua,静态入口索引；需组件/游戏分支/配置满足。不是同数量的独立功能，也不宣称本次实机验证。
prefab_descriptors,wortox,✅,,,wortox.time_untl_panflute_inspiration,/tmp/wildwise-research/insight/scripts/prefab_descriptors/wortox.lua,静态入口索引；需组件/游戏分支/配置满足。不是同数量的独立功能，也不宣称本次实机验证。
prefab_descriptors,wortox_soul_spawn,✅,,,,/tmp/wildwise-research/insight/scripts/prefab_descriptors/wortox_soul_spawn.lua,静态入口索引；需组件/游戏分支/配置满足。不是同数量的独立功能，也不宣称本次实机验证。
prefab_descriptors,wortox_souljar,✅,,,,/tmp/wildwise-research/insight/scripts/prefab_descriptors/wortox_souljar.lua,静态入口索引；需组件/游戏分支/配置满足。不是同数量的独立功能，也不宣称本次实机验证。
prefab_descriptors,wx78,✅,,,"wx78.gain_charge_time,wx78.remaining_charge_time",/tmp/wildwise-research/insight/scripts/prefab_descriptors/wx78.lua,静态入口索引；需组件/游戏分支/配置满足。不是同数量的独立功能，也不宣称本次实机验证。
prefab_descriptors,wx78_scanner,✅,wx78_scanner_info,,wx78_scanner.scan_progress,/tmp/wildwise-research/insight/scripts/prefab_descriptors/wx78_scanner.lua,静态入口索引；需组件/游戏分支/配置满足。不是同数量的独立功能，也不宣称本次实机验证。
